region_id,region_name,lat,lon,primary_crop,climate_zone,month,temp_mean_c,temp_min_c,temp_max_c,precip_total,precip_30d_avg,ndvi_mean,ndvi_min
CA-SJV,California Central Valley,36.7,-119.7,Almonds/Tomatoes,semi-arid,2023-01,10.784193548387098,5.46,16.02,7.53,5.653548387096775,0.23886451612903226,0.204
CA-SJV,California Central Valley,36.7,-119.7,Almonds/Tomatoes,semi-arid,2023-02,13.413571428571428,7.16,18.04,3.27,4.723571428571428,0.2326392857142857,0.1981
CA-SJV,California Central Valley,36.7,-119.7,Almonds/Tomatoes,semi-arid,2023-03,17.49483870967742,9.5,22.82,8.44,4.025483870967742,0.2825258064516129,0.2336
CA-SJV,California Central Valley,36.7,-119.7,Almonds/Tomatoes,semi-arid,2023-04,21.091333333333335,15.65,29.53,43.25,43.791000000000004,0.34981666666666666,0.2939
CA-SJV,California Central Valley,36.7,-119.7,Almonds/Tomatoes,semi-arid,2023-05,23.837741935483873,18.95,29.91,21.12,12.623225806451613,0.4191870967741935,0.3785
CA-SJV,California Central Valley,36.7,-119.7,Almonds/Tomatoes,semi-arid,2023-06,26.267,21.76,33.58,12.42,15.020999999999999,0.48056,0.4388
CA-SJV,California Central Valley,36.7,-119.7,Almonds/Tomatoes,semi-arid,2023-07,24.990322580645163,20.14,35.45,23.759999999999998,26.870322580645162,0.5297032258064516,0.4824
CA-SJV,California Central Valley,36.7,-119.7,Almonds/Tomatoes,semi-arid,2023-08,22.083548387096776,15.11,29.86,33.75,19.2241935483871,0.5191064516129033,0.4955
CA-SJV,California Central Valley,36.7,-119.7,Almonds/Tomatoes,semi-arid,2023-09,18.237000000000002,8.21,25.59,44.98,49.65866666666667,0.47565,0.4223
CA-SJV,California Central Valley,36.7,-119.7,Almonds/Tomatoes,semi-arid,2023-10,14.93,9.19,21.57,17.05,24.844193548387096,0.4172451612903226,0.3583
CA-SJV,California Central Valley,36.7,-119.7,Almonds/Tomatoes,semi-arid,2023-11,12.533,7.7,17.74,53.75,32.461666666666666,0.33681,0.2781
CA-SJV,California Central Valley,36.7,-119.7,Almonds/Tomatoes,semi-arid,2023-12,10.443548387096774,6.21,15.17,45.94,49.77645161290322,0.27322903225806455,0.2275
CA-SJV,California Central Valley,36.7,-119.7,Almonds/Tomatoes,semi-arid,2024-01,11.836129032258064,5.06,17.77,0.0,21.43903225806452,0.22899032258064517,0.1739
CA-SJV,California Central Valley,36.7,-119.7,Almonds/Tomatoes,semi-arid,2024-02,14.43896551724138,7.34,21.17,10.190000000000001,7.704827586206896,0.23365172413793103,0.1817
CA-SJV,California Central Valley,36.7,-119.7,Almonds/Tomatoes,semi-arid,2024-03,16.733870967741936,10.22,21.86,0.0,2.6535483870967744,0.2797935483870968,0.2342
CA-SJV,California Central Valley,36.7,-119.7,Almonds/Tomatoes,semi-arid,2024-04,21.032,14.46,31.38,13.34,6.183666666666666,0.34532,0.2784
CA-SJV,California Central Valley,36.7,-119.7,Almonds/Tomatoes,semi-arid,2024-05,24.26290322580645,19.81,29.96,21.730000000000004,20.943548387096776,0.41301935483870966,0.342
CA-SJV,California Central Valley,36.7,-119.7,Almonds/Tomatoes,semi-arid,2024-06,26.89966666666667,20.59,32.34,2.7,8.811,0.37823,0.3152
CA-SJV,California Central Valley,36.7,-119.7,Almonds/Tomatoes,semi-arid,2024-07,27.200645161290325,19.76,33.59,2.8299999999999996,2.1490322580645165,0.42421290322580646,0.3833
CA-SJV,California Central Valley,36.7,-119.7,Almonds/Tomatoes,semi-arid,2024-08,22.794193548387096,15.01,32.5,13.370000000000001,6.330967741935484,0.5019870967741935,0.4054
CA-SJV,California Central Valley,36.7,-119.7,Almonds/Tomatoes,semi-arid,2024-09,18.941333333333333,11.94,26.94,32.48,18.072333333333336,0.4851433333333333,0.4354
CA-SJV,California Central Valley,36.7,-119.7,Almonds/Tomatoes,semi-arid,2024-10,14.343225806451612,5.13,22.3,42.74,34.5116129032258,0.4103548387096774,0.3419
CA-SJV,California Central Valley,36.7,-119.7,Almonds/Tomatoes,semi-arid,2024-11,11.679,6.58,17.53,3.63,32.352333333333334,0.3382633333333333,0.2785
CA-SJV,California Central Valley,36.7,-119.7,Almonds/Tomatoes,semi-arid,2024-12,10.176774193548388,4.36,15.89,6.45,5.6574193548387095,0.27186129032258066,0.2067
CO-SLV,Colorado San Luis Valley,37.5,-106.0,Potatoes/Barley,high desert,2023-01,-0.9161290322580645,-6.09,6.12,2.71,0.9616129032258064,0.16240645161290324,0.1234
CO-SLV,Colorado San Luis Valley,37.5,-106.0,Potatoes/Barley,high desert,2023-02,2.593571428571429,-4.24,8.82,0.0,1.8389285714285715,0.15125714285714284,0.0826
CO-SLV,Colorado San Luis Valley,37.5,-106.0,Potatoes/Barley,high desert,2023-03,7.177096774193549,0.82,12.8,0.0,0.0,0.19665806451612902,0.1564
CO-SLV,Colorado San Luis Valley,37.5,-106.0,Potatoes/Barley,high desert,2023-04,11.804333333333334,5.55,17.64,3.27,0.763,0.26615,0.2138
CO-SLV,Colorado San Luis Valley,37.5,-106.0,Potatoes/Barley,high desert,2023-05,15.098387096774195,7.29,22.51,18.04,12.586774193548386,0.3438612903225806,0.2759
CO-SLV,Colorado San Luis Valley,37.5,-106.0,Potatoes/Barley,high desert,2023-06,18.038333333333334,8.78,24.5,9.87,13.126666666666667,0.40330666666666665,0.3414
CO-SLV,Colorado San Luis Valley,37.5,-106.0,Potatoes/Barley,high desert,2023-07,16.229032258064517,7.45,23.46,14.239999999999998,7.769354838709678,0.45055483870967744,0.4081
CO-SLV,Colorado San Luis Valley,37.5,-106.0,Potatoes/Barley,high desert,2023-08,12.724193548387097,8.6,18.83,16.759999999999998,16.63741935483871,0.43740322580645163,0.3935
CO-SLV,Colorado San Luis Valley,37.5,-106.0,Potatoes/Barley,high desert,2023-09,7.773,0.91,14.92,43.67,35.182,0.39396,0.3493
CO-SLV,Colorado San Luis Valley,37.5,-106.0,Potatoes/Barley,high desert,2023-10,4.356451612903226,-2.64,10.25,41.81,49.78709677419355,0.33538387096774197,0.2886
CO-SLV,Colorado San Luis Valley,37.5,-106.0,Potatoes/Barley,high desert,2023-11,-0.889,-8.23,4.12,49.3,46.154333333333334,0.25936,0.1816
CO-SLV,Colorado San Luis Valley,37.5,-106.0,Potatoes/Barley,high desert,2023-12,-1.818709677419355,-7.22,5.12,28.119999999999997,33.761935483870964,0.19265806451612905,0.1429
CO-SLV,Colorado San Luis Valley,37.5,-106.0,Potatoes/Barley,high desert,2024-01,-0.5909677419354837,-7.8,3.58,10.79,7.826129032258064,0.1593,0.1132
CO-SLV,Colorado San Luis Valley,37.5,-106.0,Potatoes/Barley,high desert,2024-02,2.085862068965517,-4.43,8.11,0.0,8.28896551724138,0.15483103448275862,0.115
CO-SLV,Colorado San Luis Valley,37.5,-106.0,Potatoes/Barley,high desert,2024-03,7.421290322580645,1.61,13.68,0.0,0.0,0.19205483870967743,0.1572
CO-SLV,Colorado San Luis Valley,37.5,-106.0,Potatoes/Barley,high desert,2024-04,11.759333333333332,3.94,16.07,0.0,0.0,0.2653466666666667,0.2053
CO-SLV,Colorado San Luis Valley,37.5,-106.0,Potatoes/Barley,high desert,2024-05,17.02516129032258,8.91,25.4,23.23,10.09290322580645,0.33544193548387097,0.275
CO-SLV,Colorado San Luis Valley,37.5,-106.0,Potatoes/Barley,high desert,2024-06,21.189,14.42,28.34,1.49,13.722666666666667,0.3037733333333333,0.2535
CO-SLV,Colorado San Luis Valley,37.5,-106.0,Potatoes/Barley,high desert,2024-07,19.74483870967742,13.26,30.01,5.62,3.638709677419355,0.3481838709677419,0.3102
CO-SLV,Colorado San Luis Valley,37.5,-106.0,Potatoes/Barley,high desert,2024-08,14.898387096774194,6.21,24.4,22.189999999999998,9.176129032258064,0.42182903225806456,0.3184
CO-SLV,Colorado San Luis Valley,37.5,-106.0,Potatoes/Barley,high desert,2024-09,8.014333333333333,-1.73,12.72,24.06,29.659333333333333,0.40261,0.3484
CO-SLV,Colorado San Luis Valley,37.5,-106.0,Potatoes/Barley,high desert,2024-10,4.0761290322580646,-2.4,11.67,14.38,19.506774193548388,0.33229677419354836,0.2332
CO-SLV,Colorado San Luis Valley,37.5,-106.0,Potatoes/Barley,high desert,2024-11,0.02899999999999999,-5.8,5.89,26.92,16.235333333333333,0.2508,0.1756
CO-SLV,Colorado San Luis Valley,37.5,-106.0,Potatoes/Barley,high desert,2024-12,-3.285806451612903,-9.08,3.88,7.82,16.256451612903227,0.18708064516129033,0.1313
FL-EGL,Florida Everglades AG,26.6,-80.7,Sugarcane/Rice,subtropical,2023-01,19.221612903225807,13.79,25.65,32.4,14.563870967741936,0.5542677419354839,0.5131
FL-EGL,Florida Everglades AG,26.6,-80.7,Sugarcane/Rice,subtropical,2023-02,20.44107142857143,16.3,28.84,85.21000000000001,66.56071428571428,0.5626821428571429,0.5176
FL-EGL,Florida Everglades AG,26.6,-80.7,Sugarcane/Rice,subtropical,2023-03,23.84258064516129,16.34,30.73,97.14,69.19967741935484,0.5906451612903225,0.5402
FL-EGL,Florida Everglades AG,26.6,-80.7,Sugarcane/Rice,subtropical,2023-04,26.329,19.43,32.04,106.31,123.18466666666667,0.6628466666666667,0.618
FL-EGL,Florida Everglades AG,26.6,-80.7,Sugarcane/Rice,subtropical,2023-05,27.94516129032258,21.49,34.38,176.75,161.40612903225806,0.7364096774193549,0.6877
FL-EGL,Florida Everglades AG,26.6,-80.7,Sugarcane/Rice,subtropical,2023-06,28.856333333333335,24.03,33.05,146.34,133.463,0.80682,0.7518
FL-EGL,Florida Everglades AG,26.6,-80.7,Sugarcane/Rice,subtropical,2023-07,28.50225806451613,21.9,34.71,189.22,163.19548387096776,0.8441483870967742,0.7909
FL-EGL,Florida Everglades AG,26.6,-80.7,Sugarcane/Rice,subtropical,2023-08,27.083870967741937,22.11,32.19,132.3,165.55032258064517,0.8484870967741935,0.8067
FL-EGL,Florida Everglades AG,26.6,-80.7,Sugarcane/Rice,subtropical,2023-09,23.863666666666667,18.04,30.33,279.51,127.046,0.79415,0.7317
FL-EGL,Florida Everglades AG,26.6,-80.7,Sugarcane/Rice,subtropical,2023-10,21.614193548387096,15.12,28.64,722.7,795.7980645161291,0.7301322580645161,0.6784
FL-EGL,Florida Everglades AG,26.6,-80.7,Sugarcane/Rice,subtropical,2023-11,20.102666666666668,13.54,28.67,135.39,196.82699999999997,0.6638433333333332,0.5969
FL-EGL,Florida Everglades AG,26.6,-80.7,Sugarcane/Rice,subtropical,2023-12,18.793870967741935,13.17,24.29,87.07,77.93483870967742,0.5996903225806451,0.552
FL-EGL,Florida Everglades AG,26.6,-80.7,Sugarcane/Rice,subtropical,2024-01,19.158709677419353,13.46,24.55,19.05,57.09451612903226,0.5590677419354838,0.5218
FL-EGL,Florida Everglades AG,26.6,-80.7,Sugarcane/Rice,subtropical,2024-02,21.20137931034483,14.57,27.53,22.69,26.067241379310346,0.5578793103448276,0.4715
FL-EGL,Florida Everglades AG,26.6,-80.7,Sugarcane/Rice,subtropical,2024-03,23.46225806451613,15.98,31.32,81.09,48.19741935483871,0.6021483870967742,0.5582
FL-EGL,Florida Everglades AG,26.6,-80.7,Sugarcane/Rice,subtropical,2024-04,25.13,19.3,30.75,99.29,101.04400000000001,0.6748966666666667,0.6054
FL-EGL,Florida Everglades AG,26.6,-80.7,Sugarcane/Rice,subtropical,2024-05,27.951290322580647,20.61,32.13,224.21,164.33870967741936,0.7426774193548387,0.6859
FL-EGL,Florida Everglades AG,26.6,-80.7,Sugarcane/Rice,subtropical,2024-06,29.170333333333335,22.82,36.33,104.14,138.22966666666667,0.8109666666666667,0.765
FL-EGL,Florida Everglades AG,26.6,-80.7,Sugarcane/Rice,subtropical,2024-07,28.146129032258063,22.66,36.33,169.48,164.88,0.8436096774193549,0.8102
FL-EGL,Florida Everglades AG,26.6,-80.7,Sugarcane/Rice,subtropical,2024-08,26.073870967741936,19.46,32.34,217.51,179.95064516129034,0.8423838709677419,0.8028
FL-EGL,Florida Everglades AG,26.6,-80.7,Sugarcane/Rice,subtropical,2024-09,24.322666666666667,17.14,32.71,403.19,200.17533333333333,0.7999566666666666,0.754
FL-EGL,Florida Everglades AG,26.6,-80.7,Sugarcane/Rice,subtropical,2024-10,22.41709677419355,13.62,28.26,574.54,763.8903225806451,0.7341870967741936,0.6821
FL-EGL,Florida Everglades AG,26.6,-80.7,Sugarcane/Rice,subtropical,2024-11,20.942333333333334,13.29,26.98,69.99,118.08866666666667,0.65817,0.6022
FL-EGL,Florida Everglades AG,26.6,-80.7,Sugarcane/Rice,subtropical,2024-12,18.67516129032258,8.65,23.63,38.959999999999994,55.17612903225807,0.5911516129032258,0.5522
GA-PDP,Georgia Piedmont,33.1,-83.6,Peanuts/Peaches,humid subtropical,2023-01,10.228709677419356,3.36,16.01,49.18,28.97225806451613,0.514058064516129,0.4568
GA-PDP,Georgia Piedmont,33.1,-83.6,Peanuts/Peaches,humid subtropical,2023-02,12.231785714285715,2.11,20.49,33.269999999999996,38.345000000000006,0.5122821428571428,0.4749
GA-PDP,Georgia Piedmont,33.1,-83.6,Peanuts/Peaches,humid subtropical,2023-03,16.667096774193546,8.82,25.86,70.96000000000001,47.89774193548387,0.5472290322580646,0.4935
GA-PDP,Georgia Piedmont,33.1,-83.6,Peanuts/Peaches,humid subtropical,2023-04,21.601666666666667,16.21,27.18,63.57,61.46233333333334,0.6130666666666666,0.5574
GA-PDP,Georgia Piedmont,33.1,-83.6,Peanuts/Peaches,humid subtropical,2023-05,25.39032258064516,17.91,31.45,97.61,92.01483870967742,0.6926,0.6417
GA-PDP,Georgia Piedmont,33.1,-83.6,Peanuts/Peaches,humid subtropical,2023-06,27.424,21.47,33.21,126.22,115.08233333333332,0.7570566666666667,0.7217
GA-PDP,Georgia Piedmont,33.1,-83.6,Peanuts/Peaches,humid subtropical,2023-07,25.960967741935484,19.8,33.1,160.96,130.03806451612903,0.791074193548387,0.7506
GA-PDP,Georgia Piedmont,33.1,-83.6,Peanuts/Peaches,humid subtropical,2023-08,22.419032258064515,16.43,30.18,705.95,602.2767741935485,0.7875387096774193,0.7465
GA-PDP,Georgia Piedmont,33.1,-83.6,Peanuts/Peaches,humid subtropical,2023-09,17.788999999999998,11.5,23.44,89.06,218.35466666666667,0.7493333333333333,0.7042
GA-PDP,Georgia Piedmont,33.1,-83.6,Peanuts/Peaches,humid subtropical,2023-10,13.720322580645162,6.45,18.13,146.17000000000002,120.53193548387097,0.6842806451612903,0.6195
GA-PDP,Georgia Piedmont,33.1,-83.6,Peanuts/Peaches,humid subtropical,2023-11,10.496,4.74,16.86,93.52,126.11166666666666,0.6101566666666667,0.5598
GA-PDP,Georgia Piedmont,33.1,-83.6,Peanuts/Peaches,humid subtropical,2023-12,9.355161290322581,6.27,15.49,62.45,61.0558064516129,0.5417354838709678,0.4811
GA-PDP,Georgia Piedmont,33.1,-83.6,Peanuts/Peaches,humid subtropical,2024-01,9.757096774193547,2.88,15.26,34.43,32.36645161290323,0.5029612903225806,0.4679
GA-PDP,Georgia Piedmont,33.1,-83.6,Peanuts/Peaches,humid subtropical,2024-02,12.472068965517241,7.13,20.47,55.34,61.86620689655173,0.5042172413793103,0.4608
GA-PDP,Georgia Piedmont,33.1,-83.6,Peanuts/Peaches,humid subtropical,2024-03,18.208709677419357,9.55,23.92,62.31,47.95483870967742,0.5437870967741935,0.4794
GA-PDP,Georgia Piedmont,33.1,-83.6,Peanuts/Peaches,humid subtropical,2024-04,22.749333333333333,15.01,27.74,73.59,84.2,0.6222666666666666,0.587
GA-PDP,Georgia Piedmont,33.1,-83.6,Peanuts/Peaches,humid subtropical,2024-05,24.473548387096773,18.9,29.28,99.24,55.0658064516129,0.6888290322580645,0.6329
GA-PDP,Georgia Piedmont,33.1,-83.6,Peanuts/Peaches,humid subtropical,2024-06,27.046333333333333,18.91,33.09,201.35,159.579,0.7609566666666667,0.7133
GA-PDP,Georgia Piedmont,33.1,-83.6,Peanuts/Peaches,humid subtropical,2024-07,25.748709677419356,18.89,31.28,142.28,186.0283870967742,0.7928645161290323,0.7438
GA-PDP,Georgia Piedmont,33.1,-83.6,Peanuts/Peaches,humid subtropical,2024-08,21.905806451612904,14.46,28.68,697.22,603.36,0.7920612903225807,0.7464
GA-PDP,Georgia Piedmont,33.1,-83.6,Peanuts/Peaches,humid subtropical,2024-09,18.409666666666666,11.53,26.91,152.15,224.95433333333332,0.7577066666666668,0.7184
GA-PDP,Georgia Piedmont,33.1,-83.6,Peanuts/Peaches,humid subtropical,2024-10,13.992903225806453,7.48,20.0,103.44,102.82000000000001,0.6830322580645161,0.6262
GA-PDP,Georgia Piedmont,33.1,-83.6,Peanuts/Peaches,humid subtropical,2024-11,10.334666666666667,1.75,16.56,148.91,120.57266666666666,0.6126199999999999,0.5582
GA-PDP,Georgia Piedmont,33.1,-83.6,Peanuts/Peaches,humid subtropical,2024-12,8.740322580645161,5.33,12.15,82.2,133.66193548387096,0.5346451612903225,0.478
IA-CRN,Iowa Corn Belt,42.0,-93.5,Corn/Soybeans,continental,2023-01,-1.302258064516129,-7.51,5.87,3.34,2.370322580645161,0.4733193548387097,0.436
IA-CRN,Iowa Corn Belt,42.0,-93.5,Corn/Soybeans,continental,2023-02,3.5357142857142856,-4.5,10.37,28.91,19.306785714285716,0.4776142857142857,0.4338
IA-CRN,Iowa Corn Belt,42.0,-93.5,Corn/Soybeans,continental,2023-03,9.41225806451613,1.48,15.74,63.1,47.98290322580645,0.5246677419354839,0.4643
IA-CRN,Iowa Corn Belt,42.0,-93.5,Corn/Soybeans,continental,2023-04,14.968333333333334,4.4,22.1,73.52,66.41166666666668,0.5844366666666667,0.5315
IA-CRN,Iowa Corn Belt,42.0,-93.5,Corn/Soybeans,continental,2023-05,19.870322580645162,10.46,26.07,76.53999999999999,61.74225806451613,0.6549322580645162,0.6052
IA-CRN,Iowa Corn Belt,42.0,-93.5,Corn/Soybeans,continental,2023-06,22.348666666666666,14.86,28.76,60.22,79.18366666666667,0.7228600000000001,0.6785
IA-CRN,Iowa Corn Belt,42.0,-93.5,Corn/Soybeans,continental,2023-07,21.653548387096773,14.11,29.09,142.45,112.32387096774194,0.7625870967741936,0.7283
IA-CRN,Iowa Corn Belt,42.0,-93.5,Corn/Soybeans,continental,2023-08,17.289032258064516,11.45,24.56,133.29,114.1458064516129,0.7579677419354839,0.707
IA-CRN,Iowa Corn Belt,42.0,-93.5,Corn/Soybeans,continental,2023-09,10.512333333333334,3.96,16.33,108.38,127.08133333333333,0.7206133333333333,0.6775
IA-CRN,Iowa Corn Belt,42.0,-93.5,Corn/Soybeans,continental,2023-10,4.555806451612903,-3.43,9.77,36.25,68.79838709677419,0.6538322580645161,0.6013
IA-CRN,Iowa Corn Belt,42.0,-93.5,Corn/Soybeans,continental,2023-11,0.85,-3.92,6.26,29.240000000000002,25.128666666666668,0.58024,0.5116
IA-CRN,Iowa Corn Belt,42.0,-93.5,Corn/Soybeans,continental,2023-12,-1.9970967741935484,-8.9,7.25,52.65,44.13612903225807,0.5119193548387097,0.4553
IA-CRN,Iowa Corn Belt,42.0,-93.5,Corn/Soybeans,continental,2024-01,-1.9770967741935486,-8.96,4.02,32.480000000000004,34.42580645161291,0.47576451612903226,0.4418
IA-CRN,Iowa Corn Belt,42.0,-93.5,Corn/Soybeans,continental,2024-02,2.50551724137931,-1.64,7.17,29.2,37.19758620689655,0.4767551724137931,0.4339
IA-CRN,Iowa Corn Belt,42.0,-93.5,Corn/Soybeans,continental,2024-03,8.084516129032258,3.74,13.51,28.740000000000002,27.753870967741936,0.5102322580645161,0.4533
IA-CRN,Iowa Corn Belt,42.0,-93.5,Corn/Soybeans,continental,2024-04,15.241999999999999,9.64,22.77,41.11,38.370666666666665,0.58377,0.5191
IA-CRN,Iowa Corn Belt,42.0,-93.5,Corn/Soybeans,continental,2024-05,20.04741935483871,14.44,27.95,106.24,83.67516129032258,0.6561516129032258,0.5614
IA-CRN,Iowa Corn Belt,42.0,-93.5,Corn/Soybeans,continental,2024-06,24.975,18.38,30.05,17.62,47.730000000000004,0.6257333333333333,0.5702
IA-CRN,Iowa Corn Belt,42.0,-93.5,Corn/Soybeans,continental,2024-07,23.82225806451613,18.04,29.58,13.73,15.21774193548387,0.6654677419354839,0.6074
IA-CRN,Iowa Corn Belt,42.0,-93.5,Corn/Soybeans,continental,2024-08,17.501935483870966,8.45,25.14,78.06,41.608064516129026,0.7327451612903225,0.6422
IA-CRN,Iowa Corn Belt,42.0,-93.5,Corn/Soybeans,continental,2024-09,10.68,1.73,20.42,80.59,84.04266666666668,0.7184633333333333,0.6677
IA-CRN,Iowa Corn Belt,42.0,-93.5,Corn/Soybeans,continental,2024-10,3.67258064516129,-2.73,9.69,42.56,51.16612903225807,0.6495612903225807,0.6101
IA-CRN,Iowa Corn Belt,42.0,-93.5,Corn/Soybeans,continental,2024-11,-0.283,-7.49,7.65,28.75,51.257666666666665,0.5671566666666668,0.5093
IA-CRN,Iowa Corn Belt,42.0,-93.5,Corn/Soybeans,continental,2024-12,-2.7938709677419356,-8.52,2.57,35.2,22.241935483870968,0.5130354838709678,0.461
KS-GBL,Kansas Great Plains,38.7,-98.3,Winter Wheat,continental,2023-01,-0.3435483870967742,-7.78,4.93,11.989999999999998,7.190645161290322,0.47409677419354834,0.4245
KS-GBL,Kansas Great Plains,38.7,-98.3,Winter Wheat,continental,2023-02,2.8164285714285713,-3.23,11.27,26.119999999999997,12.787857142857144,0.4783071428571429,0.4373
KS-GBL,Kansas Great Plains,38.7,-98.3,Winter Wheat,continental,2023-03,9.496129032258064,0.03,19.58,68.9,38.877096774193554,0.5154064516129032,0.4635
KS-GBL,Kansas Great Plains,38.7,-98.3,Winter Wheat,continental,2023-04,15.583333333333334,11.06,23.81,42.3,71.00033333333334,0.5821333333333333,0.4984
KS-GBL,Kansas Great Plains,38.7,-98.3,Winter Wheat,continental,2023-05,20.072903225806453,13.79,25.35,34.23,43.68741935483871,0.6613516129032257,0.6111
KS-GBL,Kansas Great Plains,38.7,-98.3,Winter Wheat,continental,2023-06,22.366333333333333,14.49,28.89,57.89,35.275,0.72939,0.6784
KS-GBL,Kansas Great Plains,38.7,-98.3,Winter Wheat,continental,2023-07,21.11935483870968,15.39,25.38,133.87,92.79967741935484,0.7598774193548388,0.6925
KS-GBL,Kansas Great Plains,38.7,-98.3,Winter Wheat,continental,2023-08,16.82774193548387,9.73,24.63,69.75,107.2348387096774,0.7618,0.734
KS-GBL,Kansas Great Plains,38.7,-98.3,Winter Wheat,continental,2023-09,10.762,1.01,16.8,81.5,67.90133333333333,0.7246900000000001,0.6618
KS-GBL,Kansas Great Plains,38.7,-98.3,Winter Wheat,continental,2023-10,3.7312903225806453,-5.72,13.5,86.7,72.71967741935484,0.6577580645161291,0.5952
KS-GBL,Kansas Great Plains,38.7,-98.3,Winter Wheat,continental,2023-11,0.9386666666666666,-5.25,7.2,44.56,75.03566666666667,0.5799166666666667,0.5257
KS-GBL,Kansas Great Plains,38.7,-98.3,Winter Wheat,continental,2023-12,-2.646451612903226,-9.81,4.05,1.18,22.476451612903226,0.5176451612903226,0.472
KS-GBL,Kansas Great Plains,38.7,-98.3,Winter Wheat,continental,2024-01,-0.26806451612903226,-5.43,7.06,40.14,19.182580645161288,0.4730870967741936,0.405
KS-GBL,Kansas Great Plains,38.7,-98.3,Winter Wheat,continental,2024-02,3.391034482758621,-3.13,8.98,33.989999999999995,42.206896551724135,0.47841724137931035,0.4304
KS-GBL,Kansas Great Plains,38.7,-98.3,Winter Wheat,continental,2024-03,9.96516129032258,4.15,15.88,15.399999999999999,20.1,0.5117354838709677,0.4692
KS-GBL,Kansas Great Plains,38.7,-98.3,Winter Wheat,continental,2024-04,15.871333333333332,8.34,24.72,15.76,18.396666666666665,0.5872033333333333,0.5257
KS-GBL,Kansas Great Plains,38.7,-98.3,Winter Wheat,continental,2024-05,21.544516129032257,13.22,30.93,56.36,31.843870967741935,0.6500290322580645,0.579
KS-GBL,Kansas Great Plains,38.7,-98.3,Winter Wheat,continental,2024-06,26.130666666666666,19.95,32.15,17.1,36.824333333333335,0.6311733333333333,0.5808
KS-GBL,Kansas Great Plains,38.7,-98.3,Winter Wheat,continental,2024-07,25.385806451612904,19.5,35.31,10.33,11.863225806451613,0.6632645161290323,0.6165
KS-GBL,Kansas Great Plains,38.7,-98.3,Winter Wheat,continental,2024-08,17.318064516129034,11.16,25.42,64.53999999999999,38.13580645161291,0.7346129032258064,0.6276
KS-GBL,Kansas Great Plains,38.7,-98.3,Winter Wheat,continental,2024-09,9.988,3.34,23.0,116.52,87.264,0.7181033333333333,0.6657
KS-GBL,Kansas Great Plains,38.7,-98.3,Winter Wheat,continental,2024-10,3.6206451612903225,-2.81,13.24,101.99000000000001,107.3358064516129,0.6585290322580646,0.6139
KS-GBL,Kansas Great Plains,38.7,-98.3,Winter Wheat,continental,2024-11,0.8889999999999999,-7.85,5.35,39.269999999999996,80.62100000000001,0.56952,0.5241
KS-GBL,Kansas Great Plains,38.7,-98.3,Winter Wheat,continental,2024-12,-1.8683870967741936,-7.12,3.43,24.16,27.958387096774196,0.5110806451612904,0.4399
MS-DEL,Mississippi Delta,33.4,-90.9,Cotton/Soybeans,humid subtropical,2023-01,10.757741935483871,5.64,16.6,32.28,13.604193548387098,0.5071516129032259,0.474
MS-DEL,Mississippi Delta,33.4,-90.9,Cotton/Soybeans,humid subtropical,2023-02,13.514285714285714,6.44,22.5,11.83,30.38714285714286,0.5047714285714285,0.4474
MS-DEL,Mississippi Delta,33.4,-90.9,Cotton/Soybeans,humid subtropical,2023-03,18.04,12.35,25.87,21.87,8.349354838709678,0.5451903225806451,0.4876
MS-DEL,Mississippi Delta,33.4,-90.9,Cotton/Soybeans,humid subtropical,2023-04,21.297,16.39,26.12,153.61,82.86200000000001,0.61536,0.5638
MS-DEL,Mississippi Delta,33.4,-90.9,Cotton/Soybeans,humid subtropical,2023-05,25.35,21.07,34.18,128.7,133.49548387096772,0.6894548387096775,0.6276
MS-DEL,Mississippi Delta,33.4,-90.9,Cotton/Soybeans,humid subtropical,2023-06,26.394,19.08,33.12,185.06,159.48733333333334,0.75227,0.7029
MS-DEL,Mississippi Delta,33.4,-90.9,Cotton/Soybeans,humid subtropical,2023-07,26.522903225806452,16.61,35.85,439.71999999999997,213.04580645161292,0.7961967741935483,0.7622
MS-DEL,Mississippi Delta,33.4,-90.9,Cotton/Soybeans,humid subtropical,2023-08,23.509354838709676,15.62,32.03,431.93,673.4309677419355,0.7927709677419356,0.7545
MS-DEL,Mississippi Delta,33.4,-90.9,Cotton/Soybeans,humid subtropical,2023-09,18.793,12.62,24.27,114.5,127.64066666666666,0.7553666666666667,0.6988
MS-DEL,Mississippi Delta,33.4,-90.9,Cotton/Soybeans,humid subtropical,2023-10,14.676451612903227,7.16,25.37,50.96,70.76645161290323,0.6855774193548387,0.6329
MS-DEL,Mississippi Delta,33.4,-90.9,Cotton/Soybeans,humid subtropical,2023-11,10.168000000000001,2.36,16.55,79.39,67.413,0.61634,0.5544
MS-DEL,Mississippi Delta,33.4,-90.9,Cotton/Soybeans,humid subtropical,2023-12,10.373225806451613,2.96,16.72,64.24,63.52483870967742,0.5360129032258064,0.4675
MS-DEL,Mississippi Delta,33.4,-90.9,Cotton/Soybeans,humid subtropical,2024-01,9.66709677419355,3.15,16.8,29.56,50.469032258064516,0.5062935483870967,0.4618
MS-DEL,Mississippi Delta,33.4,-90.9,Cotton/Soybeans,humid subtropical,2024-02,13.719655172413793,7.06,20.64,39.44,24.69965517241379,0.5044689655172414,0.4621
MS-DEL,Mississippi Delta,33.4,-90.9,Cotton/Soybeans,humid subtropical,2024-03,17.169032258064515,10.58,22.82,53.81,42.410645161290326,0.5459838709677419,0.4869
MS-DEL,Mississippi Delta,33.4,-90.9,Cotton/Soybeans,humid subtropical,2024-04,21.676666666666666,9.98,28.11,124.86,106.56933333333333,0.6193566666666667,0.5715
MS-DEL,Mississippi Delta,33.4,-90.9,Cotton/Soybeans,humid subtropical,2024-05,25.18903225806452,16.97,31.57,128.23,113.82290322580646,0.6984064516129033,0.6286
MS-DEL,Mississippi Delta,33.4,-90.9,Cotton/Soybeans,humid subtropical,2024-06,26.300333333333334,19.37,32.05,147.8,154.833,0.7547533333333333,0.6983
MS-DEL,Mississippi Delta,33.4,-90.9,Cotton/Soybeans,humid subtropical,2024-07,26.486129032258063,19.73,31.72,576.59,162.31548387096774,0.7930516129032259,0.7582
MS-DEL,Mississippi Delta,33.4,-90.9,Cotton/Soybeans,humid subtropical,2024-08,23.916451612903224,16.14,30.75,330.18,713.6906451612903,0.7911032258064516,0.7443
MS-DEL,Mississippi Delta,33.4,-90.9,Cotton/Soybeans,humid subtropical,2024-09,18.55933333333333,10.61,26.23,105.91,116.09033333333333,0.7489733333333334,0.6883
MS-DEL,Mississippi Delta,33.4,-90.9,Cotton/Soybeans,humid subtropical,2024-10,13.268064516129032,8.88,19.74,99.55,95.6325806451613,0.676258064516129,0.6229
MS-DEL,Mississippi Delta,33.4,-90.9,Cotton/Soybeans,humid subtropical,2024-11,10.680666666666667,3.44,19.24,57.84,81.56133333333334,0.5984233333333333,0.5264
MS-DEL,Mississippi Delta,33.4,-90.9,Cotton/Soybeans,humid subtropical,2024-12,8.463548387096774,1.43,13.81,23.91,43.87096774193548,0.5396096774193547,0.4928
ND-RED,North Dakota Red River,47.2,-97.1,Wheat/Sunflower,continental,2023-01,-2.7038709677419352,-10.65,1.69,16.31,6.369999999999999,0.47688709677419355,0.4465
ND-RED,North Dakota Red River,47.2,-97.1,Wheat/Sunflower,continental,2023-02,3.516428571428572,-3.43,10.65,36.400000000000006,26.969285714285714,0.47703214285714285,0.4349
ND-RED,North Dakota Red River,47.2,-97.1,Wheat/Sunflower,continental,2023-03,8.638064516129031,2.5,14.1,52.74,40.10645161290322,0.5183548387096774,0.4674
ND-RED,North Dakota Red River,47.2,-97.1,Wheat/Sunflower,continental,2023-04,15.258999999999999,9.98,21.35,15.419999999999998,42.099000000000004,0.59327,0.5484
ND-RED,North Dakota Red River,47.2,-97.1,Wheat/Sunflower,continental,2023-05,19.873548387096776,14.27,26.17,41.74,32.73290322580645,0.6594387096774194,0.609
ND-RED,North Dakota Red River,47.2,-97.1,Wheat/Sunflower,continental,2023-06,21.934,16.23,26.86,54.19,40.54066666666667,0.7240166666666668,0.6775
ND-RED,North Dakota Red River,47.2,-97.1,Wheat/Sunflower,continental,2023-07,20.759354838709676,12.0,26.24,122.54,78.36193548387097,0.7696129032258064,0.7084
ND-RED,North Dakota Red River,47.2,-97.1,Wheat/Sunflower,continental,2023-08,16.438709677419354,10.78,22.05,104.03999999999999,107.72451612903225,0.7560935483870967,0.7132
ND-RED,North Dakota Red River,47.2,-97.1,Wheat/Sunflower,continental,2023-09,10.991666666666667,5.14,17.99,59.35,95.93566666666668,0.7236166666666667,0.6749
ND-RED,North Dakota Red River,47.2,-97.1,Wheat/Sunflower,continental,2023-10,4.666129032258064,-0.73,12.17,60.63,63.857419354838704,0.6578,0.583
ND-RED,North Dakota Red River,47.2,-97.1,Wheat/Sunflower,continental,2023-11,0.7943333333333332,-4.62,7.97,59.11,53.025666666666666,0.5806033333333332,0.526
ND-RED,North Dakota Red River,47.2,-97.1,Wheat/Sunflower,continental,2023-12,-2.5987096774193548,-9.58,4.55,46.66,56.43741935483871,0.5085806451612903,0.465
ND-RED,North Dakota Red River,47.2,-97.1,Wheat/Sunflower,continental,2024-01,-1.532258064516129,-7.01,2.74,75.92,51.3558064516129,0.47674516129032257,0.4309
ND-RED,North Dakota Red River,47.2,-97.1,Wheat/Sunflower,continental,2024-02,3.3968965517241383,-4.91,12.96,19.82,48.0848275862069,0.4792724137931034,0.4424
ND-RED,North Dakota Red River,47.2,-97.1,Wheat/Sunflower,continental,2024-03,9.778709677419354,2.18,15.9,18.52,17.280322580645162,0.5202193548387096,0.4781
ND-RED,North Dakota Red River,47.2,-97.1,Wheat/Sunflower,continental,2024-04,16.327666666666666,8.96,20.61,101.25,59.958666666666666,0.5830066666666667,0.5354
ND-RED,North Dakota Red River,47.2,-97.1,Wheat/Sunflower,continental,2024-05,20.29225806451613,13.92,26.15,49.33,74.02225806451614,0.655525806451613,0.5717
ND-RED,North Dakota Red River,47.2,-97.1,Wheat/Sunflower,continental,2024-06,25.151333333333334,18.89,30.54,15.41,32.337666666666664,0.6251166666666667,0.5658
ND-RED,North Dakota Red River,47.2,-97.1,Wheat/Sunflower,continental,2024-07,23.69677419354839,17.11,33.0,15.219999999999999,15.28032258064516,0.6697516129032258,0.6269
ND-RED,North Dakota Red River,47.2,-97.1,Wheat/Sunflower,continental,2024-08,18.18064516129032,12.48,24.49,89.19,46.2758064516129,0.7388096774193548,0.652
ND-RED,North Dakota Red River,47.2,-97.1,Wheat/Sunflower,continental,2024-09,11.462333333333333,5.42,17.78,72.64,69.58999999999999,0.7125833333333333,0.6672
ND-RED,North Dakota Red River,47.2,-97.1,Wheat/Sunflower,continental,2024-10,2.9858064516129033,-5.0,10.8,153.19,147.79387096774192,0.6567096774193548,0.5926
ND-RED,North Dakota Red River,47.2,-97.1,Wheat/Sunflower,continental,2024-11,0.16999999999999998,-6.21,6.37,31.84,75.24133333333334,0.5733766666666666,0.5218
ND-RED,North Dakota Red River,47.2,-97.1,Wheat/Sunflower,continental,2024-12,-2.5448387096774194,-8.81,5.88,41.18,24.182580645161288,0.5129838709677419,0.4696
TX-HPL,Texas High Plains,33.5,-101.9,Cotton/Wheat,semi-arid,2023-01,11.275161290322579,5.94,15.77,9.99,3.280967741935484,0.2352677419354839,0.1878
TX-HPL,Texas High Plains,33.5,-101.9,Cotton/Wheat,semi-arid,2023-02,14.378928571428572,8.65,22.29,1.28,7.939642857142857,0.23400714285714286,0.1805
TX-HPL,Texas High Plains,33.5,-101.9,Cotton/Wheat,semi-arid,2023-03,17.404516129032256,12.27,25.26,5.85,4.6896774193548385,0.27473548387096774,0.2288
TX-HPL,Texas High Plains,33.5,-101.9,Cotton/Wheat,semi-arid,2023-04,20.254,13.32,30.64,43.17,11.915,0.34356000000000003,0.2952
TX-HPL,Texas High Plains,33.5,-101.9,Cotton/Wheat,semi-arid,2023-05,24.291612903225804,18.17,31.76,23.02,41.36645161290322,0.4210290322580645,0.3697
TX-HPL,Texas High Plains,33.5,-101.9,Cotton/Wheat,semi-arid,2023-06,24.984666666666666,18.9,30.52,50.97,41.678999999999995,0.4863466666666667,0.4319
TX-HPL,Texas High Plains,33.5,-101.9,Cotton/Wheat,semi-arid,2023-07,23.98741935483871,19.32,30.9,49.24,38.057096774193546,0.5246870967741936,0.4807
TX-HPL,Texas High Plains,33.5,-101.9,Cotton/Wheat,semi-arid,2023-08,22.29612903225806,13.25,29.19,18.04,42.40096774193549,0.5214193548387097,0.4874
TX-HPL,Texas High Plains,33.5,-101.9,Cotton/Wheat,semi-arid,2023-09,18.298000000000002,14.91,24.14,31.58,24.417333333333332,0.4866566666666667,0.4279
TX-HPL,Texas High Plains,33.5,-101.9,Cotton/Wheat,semi-arid,2023-10,15.037419354838711,10.23,23.26,11.05,19.941290322580645,0.40728387096774193,0.357
TX-HPL,Texas High Plains,33.5,-101.9,Cotton/Wheat,semi-arid,2023-11,13.253000000000002,3.48,19.1,29.82,17.512333333333334,0.34138666666666667,0.2629
TX-HPL,Texas High Plains,33.5,-101.9,Cotton/Wheat,semi-arid,2023-12,10.768064516129032,2.19,15.83,0.0,15.831612903225805,0.2694741935483871,0.2216
TX-HPL,Texas High Plains,33.5,-101.9,Cotton/Wheat,semi-arid,2024-01,11.419677419354839,5.08,18.22,11.99,10.289354838709679,0.23554838709677417,0.1909
TX-HPL,Texas High Plains,33.5,-101.9,Cotton/Wheat,semi-arid,2024-02,13.337241379310344,7.77,20.83,3.86,2.8593103448275863,0.23689310344827588,0.1778
TX-HPL,Texas High Plains,33.5,-101.9,Cotton/Wheat,semi-arid,2024-03,16.851935483870967,10.05,22.85,19.25,5.871612903225807,0.2761290322580645,0.2103
TX-HPL,Texas High Plains,33.5,-101.9,Cotton/Wheat,semi-arid,2024-04,21.653000000000002,15.57,30.14,21.98,24.970000000000002,0.33918,0.2845
TX-HPL,Texas High Plains,33.5,-101.9,Cotton/Wheat,semi-arid,2024-05,24.812903225806455,18.24,31.09,53.26,41.50096774193548,0.41285161290322586,0.3495
TX-HPL,Texas High Plains,33.5,-101.9,Cotton/Wheat,semi-arid,2024-06,28.324333333333335,24.75,32.33,4.62,25.21833333333333,0.39381333333333335,0.3526
TX-HPL,Texas High Plains,33.5,-101.9,Cotton/Wheat,semi-arid,2024-07,27.911935483870966,20.74,33.9,6.41,6.585806451612903,0.42331612903225807,0.3813
TX-HPL,Texas High Plains,33.5,-101.9,Cotton/Wheat,semi-arid,2024-08,22.738387096774193,17.61,29.04,38.76,16.691612903225806,0.4984806451612903,0.3799
TX-HPL,Texas High Plains,33.5,-101.9,Cotton/Wheat,semi-arid,2024-09,18.573666666666668,12.71,25.73,31.580000000000002,43.178,0.48161333333333334,0.4359
TX-HPL,Texas High Plains,33.5,-101.9,Cotton/Wheat,semi-arid,2024-10,14.675806451612903,8.62,21.17,12.2,18.938064516129035,0.4134903225806451,0.3664
TX-HPL,Texas High Plains,33.5,-101.9,Cotton/Wheat,semi-arid,2024-11,13.165,7.84,21.23,13.8,6.426333333333333,0.3361633333333333,0.285
TX-HPL,Texas High Plains,33.5,-101.9,Cotton/Wheat,semi-arid,2024-12,9.126451612903226,1.47,14.91,29.82,27.883225806451613,0.2694483870967742,0.2028
WA-YKM,Washington Yakima Valley,46.6,-120.5,Apples/Hops,semi-arid,2023-01,12.176774193548388,5.53,17.33,18.81,11.476451612903226,0.24299354838709677,0.2059
WA-YKM,Washington Yakima Valley,46.6,-120.5,Apples/Hops,semi-arid,2023-02,13.769285714285715,8.88,19.4,19.21,25.092857142857145,0.23850357142857143,0.1902
WA-YKM,Washington Yakima Valley,46.6,-120.5,Apples/Hops,semi-arid,2023-03,18.08451612903226,10.32,23.49,6.58,3.5016129032258063,0.27192903225806453,0.2106
WA-YKM,Washington Yakima Valley,46.6,-120.5,Apples/Hops,semi-arid,2023-04,21.067999999999998,15.14,27.62,21.87,19.502333333333336,0.34856,0.2896
WA-YKM,Washington Yakima Valley,46.6,-120.5,Apples/Hops,semi-arid,2023-05,24.993870967741934,20.44,31.86,48.53,28.793870967741935,0.4212516129032258,0.3544
WA-YKM,Washington Yakima Valley,46.6,-120.5,Apples/Hops,semi-arid,2023-06,24.957,17.26,31.11,17.02,41.751,0.48424666666666666,0.4215
WA-YKM,Washington Yakima Valley,46.6,-120.5,Apples/Hops,semi-arid,2023-07,24.530322580645162,17.64,32.07,18.85,14.80741935483871,0.5206322580645162,0.4902
WA-YKM,Washington Yakima Valley,46.6,-120.5,Apples/Hops,semi-arid,2023-08,23.07483870967742,16.19,33.37,27.45,20.970967741935485,0.5218096774193549,0.4569
WA-YKM,Washington Yakima Valley,46.6,-120.5,Apples/Hops,semi-arid,2023-09,18.426666666666666,10.32,25.0,38.44,35.916000000000004,0.47568666666666665,0.4155
WA-YKM,Washington Yakima Valley,46.6,-120.5,Apples/Hops,semi-arid,2023-10,14.642258064516128,6.68,20.95,67.32000000000001,48.240645161290324,0.4138193548387097,0.353
WA-YKM,Washington Yakima Valley,46.6,-120.5,Apples/Hops,semi-arid,2023-11,11.050666666666666,5.23,18.69,33.02,49.574,0.3363433333333334,0.2768
WA-YKM,Washington Yakima Valley,46.6,-120.5,Apples/Hops,semi-arid,2023-12,10.43483870967742,2.18,17.84,11.75,24.243870967741938,0.2735451612903226,0.2211
WA-YKM,Washington Yakima Valley,46.6,-120.5,Apples/Hops,semi-arid,2024-01,12.16,4.43,18.99,0.0,1.5161290322580645,0.24089032258064516,0.2021
WA-YKM,Washington Yakima Valley,46.6,-120.5,Apples/Hops,semi-arid,2024-02,14.351724137931035,9.08,20.14,6.54,4.961379310344827,0.2398,0.2101
WA-YKM,Washington Yakima Valley,46.6,-120.5,Apples/Hops,semi-arid,2024-03,16.54290322580645,9.66,23.02,30.939999999999998,13.192258064516128,0.2775290322580645,0.2294
WA-YKM,Washington Yakima Valley,46.6,-120.5,Apples/Hops,semi-arid,2024-04,21.299,11.19,27.47,11.46,22.208666666666666,0.34872000000000003,0.28
WA-YKM,Washington Yakima Valley,46.6,-120.5,Apples/Hops,semi-arid,2024-05,25.32967741935484,19.06,32.49,21.39,20.85225806451613,0.4101,0.342
WA-YKM,Washington Yakima Valley,46.6,-120.5,Apples/Hops,semi-arid,2024-06,29.261333333333333,24.19,36.71,4.98,9.177666666666665,0.39050666666666667,0.3314
WA-YKM,Washington Yakima Valley,46.6,-120.5,Apples/Hops,semi-arid,2024-07,28.42225806451613,23.44,35.85,4.0600000000000005,5.956129032258065,0.42646451612903225,0.3908
WA-YKM,Washington Yakima Valley,46.6,-120.5,Apples/Hops,semi-arid,2024-08,22.72258064516129,14.98,30.28,31.04,8.968387096774192,0.4996129032258064,0.4122
WA-YKM,Washington Yakima Valley,46.6,-120.5,Apples/Hops,semi-arid,2024-09,17.329,10.43,22.93,19.11,36.06033333333333,0.4768233333333333,0.4282
WA-YKM,Washington Yakima Valley,46.6,-120.5,Apples/Hops,semi-arid,2024-10,13.992903225806451,7.4,20.81,22.54,27.549999999999997,0.4150774193548387,0.3705
WA-YKM,Washington Yakima Valley,46.6,-120.5,Apples/Hops,semi-arid,2024-11,11.651,6.36,16.97,0.0,0.7550000000000001,0.3345633333333333,0.298
WA-YKM,Washington Yakima Valley,46.6,-120.5,Apples/Hops,semi-arid,2024-12,10.92483870967742,4.83,18.67,0.0,0.0,0.2681483870967742,0.2117
